{"stat.useItem.minecraft.quartz_block":1065,"stat.horseOneCm":286,"stat.useItem.minecraft.repeater":173,"stat.useItem.minecraft.quartz_stairs":65,"stat.leaveGame":27,"stat.useItem.minecraft.beacon":1,"stat.useItem.minecraft.carpet":110,"stat.useItem.minecraft.potion":2,"stat.useItem.minecraft.glowstone":6,"stat.useItem.minecraft.packed_ice":10,"stat.jump":1245,"stat.useItem.minecraft.snow":20,"stat.fallOneCm":12063,"stat.useItem.minecraft.piston":1,"stat.crouchOneCm":16511,"stat.useItem.minecraft.nether_brick_fence":23,"stat.craftItem.minecraft.banner":12,"stat.useItem.minecraft.redstone_torch":42,"stat.useItem.minecraft.dirt":28,"achievement.exploreAllBiomes":{"value":0,"progress":["Plains"]},"stat.useItem.minecraft.dispenser":1,"stat.useItem.minecraft.glass":7,"stat.useItem.minecraft.redstone_lamp":33,"stat.damageTaken":5690,"stat.useItem.minecraft.stone_brick_stairs":75,"stat.useItem.minecraft.gold_block":46,"stat.flyOneCm":2972080,"stat.damageDealt":275,"stat.useItem.minecraft.wool":37,"stat.timeSinceDeath":85575,"stat.useItem.minecraft.crafting_table":4,"stat.useItem.minecraft.sign":21,"stat.useItem.minecraft.spawn_egg":3,"stat.useItem.minecraft.wooden_slab":1,"stat.useItem.minecraft.iron_bars":12,"stat.useItem.minecraft.command_block":372,"stat.walkOneCm":1182985,"stat.useItem.minecraft.torch":5,"stat.useItem.minecraft.chest":1,"stat.useItem.minecraft.lever":53,"stat.useItem.minecraft.comparator":28,"stat.useItem.minecraft.armor_stand":1,"stat.useItem.minecraft.redstone_block":45,"stat.useItem.minecraft.redstone":137,"stat.useItem.minecraft.milk_bucket":2,"stat.entityKilledBy.Skeleton":1,"stat.useItem.minecraft.written_book":5,"stat.sprintOneCm":82372,"stat.useItem.minecraft.fence":6,"stat.useItem.minecraft.netherrack":15,"stat.useItem.minecraft.stone_slab":157,"achievement.openInventory":338,"stat.useItem.minecraft.barrier":180,"stat.useItem.minecraft.flint_and_steel":23,"stat.useItem.minecraft.iron_block":22,"stat.useItem.minecraft.wooden_button":92,"stat.mobKills":3,"stat.useItem.minecraft.stonebrick":286,"stat.deaths":17,"stat.useItem.minecraft.cobblestone_wall":97,"stat.drop":6,"stat.playOneMinute":1037958,"stat.useItem.minecraft.banner":2,"stat.useItem.minecraft.nether_brick":106,"stat.entityKilledBy.Blaze":1,"stat.useItem.minecraft.birch_stairs":2}