{"stat.pickup.minecraft.tripwire_hook":4,"stat.drop.minecraft.pumpkin":1,"stat.useItem.minecraft.quartz_block":38,"stat.pickup.minecraft.stone_pressure_plate":1,"stat.pickup.minecraft.redstone_torch":7,"stat.pickup.minecraft.lit_pumpkin":1,"stat.useItem.minecraft.repeater":19,"stat.leaveGame":24,"stat.pickup.minecraft.record_stal":2,"stat.entityKilledBy.Witch":1,"stat.pickup.minecraft.leather_chestplate":1,"stat.drop.minecraft.redstone":1,"stat.useItem.minecraft.diamond_sword":22,"stat.killEntity.PigZombie":1,"stat.swimOneCm":23611,"stat.drop.minecraft.skull":1,"stat.useItem.minecraft.planks":37,"stat.climbOneCm":24334,"stat.useItem.minecraft.stone_slab2":3070,"stat.useItem.minecraft.water_bucket":15,"stat.pickup.minecraft.rotten_flesh":1,"stat.drop.minecraft.redstone_torch":1,"stat.entityKilledBy.Spider":1,"stat.pickup.minecraft.brick_block":1,"stat.drop.minecraft.brick_block":1,"stat.flyOneCm":7910924,"stat.useItem.minecraft.cooked_beef":4,"stat.killEntity.Villager":5,"stat.pickup.minecraft.redstone":14,"stat.timeSinceDeath":334027,"stat.hopperInspected":4,"stat.drop.minecraft.log":1,"stat.useItem.minecraft.spawn_egg":59,"stat.cauldronFilled":3,"stat.useItem.minecraft.iron_door":3,"stat.trappedChestTriggered":93,"stat.pickup.minecraft.record_far":1,"stat.useItem.minecraft.oak_stairs":20,"stat.furnaceInteraction":2,"stat.drop.minecraft.spawn_egg":1,"stat.pickup.minecraft.string":2,"stat.pickup.minecraft.beef":13,"stat.useItem.minecraft.redstone":92,"stat.useItem.minecraft.milk_bucket":7,"stat.drop.minecraft.obsidian":1,"stat.sprintOneCm":1378501,"stat.useItem.minecraft.diamond_shovel":3,"stat.useItem.minecraft.fence":7,"stat.pickup.minecraft.skull":3,"stat.useItem.minecraft.stone_slab":120,"stat.useItem.minecraft.flint_and_steel":2,"stat.pickup.minecraft.grass":1,"stat.drop.minecraft.leaves":1,"stat.useItem.minecraft.beef":10,"stat.deaths":29,"stat.drop":27,"stat.playOneMinute":1197417,"stat.pickup.minecraft.stone_button":40,"stat.drop.minecraft.string":1,"stat.killEntity.Zombie":1,"stat.mineBlock.minecraft.tallgrass":11,"stat.diveOneCm":5905,"stat.chestOpened":6,"stat.pickup.minecraft.pumpkin":1,"stat.pickup.minecraft.record_strad":2,"stat.recordPlayed":9,"stat.pickup.minecraft.sign":1,"stat.useItem.minecraft.stone":1,"stat.useItem.minecraft.black_glazed_terracotta":7,"stat.pickup.minecraft.obsidian":1,"stat.jump":8197,"stat.fallOneCm":140503,"stat.drop.minecraft.stone":1,"stat.useItem.minecraft.piston":10,"stat.crouchOneCm":71173,"stat.pickup.minecraft.spider_eye":1,"stat.useItem.minecraft.stone_button":47,"stat.dropperInspected":3,"stat.drop.minecraft.barrier":5,"stat.pickup.minecraft.command_block":2,"stat.pickup.minecraft.repeater":5,"stat.pickup.minecraft.leaves":1,"stat.damageTaken":12287,"stat.pickup.minecraft.leather":4,"stat.useItem.minecraft.reeds":393,"stat.dispenserInspected":3,"stat.drop.minecraft.concrete":2,"stat.noteblockTuned":35,"stat.pickup.minecraft.reeds":145,"stat.cauldronUsed":2,"stat.pickup.minecraft.concrete":2,"stat.pickup.minecraft.wheat_seeds":21,"stat.entityKilledBy.Zombie":1,"stat.damageDealt":2690,"stat.killEntity.Cow":6,"stat.mineBlock.minecraft.dirt":1,"stat.drop.minecraft.reeds":1,"stat.pickup.minecraft.record_13":2,"stat.useItem.minecraft.command_block":18,"stat.pickup.minecraft.record_11":7,"stat.walkOneCm":1294769,"stat.useItem.minecraft.torch":13,"stat.playerKills":1,"stat.drop.minecraft.noteblock":1,"stat.useItem.minecraft.log":25,"stat.pickup.minecraft.log":1,"stat.drop.minecraft.iron_block":1,"stat.drop.minecraft.leather_chestplate":1,"stat.drop.minecraft.command_block":2,"stat.useItem.minecraft.redstone_ore":42,"stat.useItem.minecraft.concrete":19,"stat.drop.minecraft.lit_pumpkin":1,"stat.pickup.minecraft.barrier":5,"stat.useItem.minecraft.tripwire_hook":8,"stat.drop.minecraft.lever":1,"stat.useItem.minecraft.barrier":4,"stat.killEntity.Spider":3,"stat.mobKills":16,"stat.pickup.minecraft.torch":3,"stat.pickup.minecraft.red_flower":1,"stat.sneakTime":28591,"stat.pickup.minecraft.wool":1,"stat.drop.minecraft.stone_slab2":1,"stat.pickup.minecraft.yellow_flower":1}