{"stat.chestOpened":7,"stat.pickup.minecraft.spruce_door":1,"stat.leaveGame":9,"stat.useItem.minecraft.diamond_sword":7,"stat.useItem.minecraft.glowstone":1,"stat.jump":500,"stat.swimOneCm":6510,"stat.fallOneCm":2383,"stat.climbOneCm":4346,"stat.drop.minecraft.stone":1,"stat.pickup.minecraft.carrot":9,"stat.crouchOneCm":9096,"stat.useItem.minecraft.stone_slab2":2806,"stat.useItem.minecraft.vine":1,"stat.damageTaken":420,"stat.useItem.minecraft.reeds":88,"stat.pickup.minecraft.reeds":149,"stat.flyOneCm":922781,"stat.pickup.minecraft.wheat_seeds":17,"stat.damageDealt":523,"stat.drop.minecraft.tnt":1,"stat.timeSinceDeath":29347,"stat.cauldronFilled":3,"stat.walkOneCm":245376,"stat.playerKills":1,"stat.pickup.minecraft.dark_oak_door":1,"stat.drop.minecraft.red_flower":53,"stat.useItem.minecraft.milk_bucket":16,"stat.pickup.minecraft.tallgrass":1,"stat.pickup.minecraft.stone":1,"stat.pickup.minecraft.sapling":2,"stat.sprintOneCm":117796,"stat.pickup.minecraft.skull":1,"stat.useItem.minecraft.dark_oak_door":1,"stat.drop.minecraft.leaves":1,"stat.mobKills":1,"stat.deaths":16,"stat.drop":57,"stat.useItem.minecraft.writable_book":5,"stat.playOneMinute":207372,"stat.pickup.minecraft.red_flower":4,"stat.sneakTime":5875,"stat.drop.minecraft.grass":1,"stat.diveOneCm":5877,"stat.pickup.minecraft.wheat":2}