{"stat.chestOpened":27,"stat.useItem.minecraft.quartz_block":19,"stat.useItem.minecraft.stone":26,"stat.leaveGame":3,"stat.drop.minecraft.cooked_beef":3,"stat.useItem.minecraft.lime_shulker_box":1,"stat.useItem.minecraft.waterlily":1,"stat.useItem.minecraft.skull":4,"stat.useItem.minecraft.apple":9,"stat.useItem.minecraft.repeating_command_block":7,"stat.useItem.minecraft.carpet":20,"stat.jump":1422,"stat.swimOneCm":33417,"stat.pickup.minecraft.lime_shulker_box":1,"stat.useItem.minecraft.concrete_powder":16,"stat.fallOneCm":11067,"stat.climbOneCm":1913,"stat.useItem.minecraft.planks":6,"stat.drop.minecraft.stone":1,"stat.crouchOneCm":28441,"stat.useItem.minecraft.redstone_torch":13,"stat.useItem.minecraft.dirt":12,"stat.useItem.minecraft.stone_button":14,"stat.useItem.minecraft.stone_slab2":1241,"stat.useItem.minecraft.water_bucket":3,"stat.drop.minecraft.redstone_torch":1,"stat.useItem.minecraft.vine":62,"stat.useItem.minecraft.purple_glazed_terracotta":14,"stat.damageTaken":140,"stat.pickup.minecraft.leather":2,"stat.mineBlock.minecraft.torch":1,"stat.useItem.minecraft.anvil":4,"stat.flyOneCm":833330,"stat.damageDealt":40,"stat.drop.minecraft.carpet":1,"stat.timeSinceDeath":267800,"stat.useItem.minecraft.sign":1,"stat.useItem.minecraft.wooden_slab":5,"stat.useItem.minecraft.iron_door":4,"stat.useItem.minecraft.iron_bars":9,"stat.useItem.minecraft.command_block":5,"stat.walkOneCm":442618,"stat.trappedChestTriggered":1,"stat.pickup.minecraft.green_shulker_box":1,"stat.useItem.minecraft.lever":1,"stat.useItem.minecraft.pumpkin":1,"stat.useItem.minecraft.observer":3,"stat.useItem.minecraft.cobblestone":30,"stat.furnaceInteraction":6,"stat.useItem.minecraft.gravel":5,"stat.pickup.minecraft.carpet":2,"stat.useItem.minecraft.green_shulker_box":1,"stat.useItem.minecraft.purpur_pillar":1,"stat.useItem.minecraft.redstone_block":1,"stat.useItem.minecraft.redstone":5,"stat.useItem.minecraft.milk_bucket":2,"stat.sprintOneCm":254616,"stat.drop.minecraft.leather":2,"stat.useItem.minecraft.fence":36,"stat.pickup.minecraft.apple":64,"stat.pickup.minecraft.cooked_beef":3,"stat.useItem.minecraft.concrete":16,"stat.useItem.minecraft.stone_slab":38,"stat.drop.minecraft.lever":1,"stat.useItem.minecraft.barrier":2,"stat.useItem.minecraft.stone_pressure_plate":1,"stat.useItem.minecraft.stonebrick":15,"stat.useItem.minecraft.bucket":2,"stat.pickup.minecraft.lever":1,"stat.useItem.minecraft.monster_egg":1,"stat.useItem.minecraft.mossy_cobblestone":1,"stat.useItem.minecraft.cobblestone_wall":16,"stat.drop":8,"stat.mineBlock.minecraft.leaves":1,"stat.useItem.minecraft.writable_book":7,"stat.playOneMinute":267800,"stat.pickup.minecraft.stone_button":2,"stat.pickup.minecraft.torch":2,"stat.sneakTime":11170,"stat.drop.minecraft.yellow_flower":1,"stat.pickup.minecraft.yellow_flower":2,"stat.drop.minecraft.grass":1,"stat.diveOneCm":346,"stat.useItem.minecraft.web":10}