{"stat.chestOpened":25,"stat.walkOneCm":81680,"stat.pickup.minecraft.armor_stand":1,"stat.trappedChestTriggered":1,"stat.useItem.minecraft.lever":1,"stat.leaveGame":1,"stat.damageTaken":20,"stat.furnaceInteraction":3,"stat.useItem.minecraft.skull":1,"stat.pickup.minecraft.leather_leggings":1,"stat.pickup.minecraft.leather_boots":1,"stat.flyOneCm":31742,"stat.drop":1,"stat.jump":181,"stat.drop.minecraft.skull":1,"stat.swimOneCm":211,"stat.useItem.minecraft.writable_book":9,"stat.playOneMinute":35748,"stat.climbOneCm":454,"stat.fallOneCm":1678,"stat.sneakTime":3187,"stat.crouchOneCm":6389,"stat.timeSinceDeath":35748,"stat.useItem.minecraft.cookie":2,"stat.sprintOneCm":59941,"stat.pickup.minecraft.iron_chestplate":1,"stat.pickup.minecraft.skull":4}