{"stat.craftItem.minecraft.leather_leggings":7,"stat.useItem.minecraft.quartz_block":16,"stat.pickup.minecraft.redstone_torch":3,"stat.useItem.minecraft.repeater":18,"stat.leaveGame":17,"stat.useItem.minecraft.skull":9,"stat.pickup.minecraft.leather_chestplate":1,"stat.useItem.minecraft.repeating_command_block":4,"stat.useItem.minecraft.diamond_sword":32,"stat.swimOneCm":162587,"stat.climbOneCm":4179,"stat.useItem.minecraft.planks":1,"stat.pickup.minecraft.writable_book":3,"stat.useItem.minecraft.redstone_torch":4,"stat.useItem.minecraft.dirt":73,"stat.useItem.minecraft.stone_slab2":14600,"stat.useItem.minecraft.water_bucket":1004,"stat.killEntity.Donkey":1,"stat.useItem.minecraft.vine":83,"stat.pickup.minecraft.cobblestone":295,"stat.pickup.minecraft.leather_boots":1,"stat.flyOneCm":5236268,"stat.pickup.minecraft.redstone":1,"stat.timeSinceDeath":239,"stat.useItem.minecraft.sign":1,"stat.cauldronFilled":6,"stat.pickup.minecraft.mutton":2,"stat.trappedChestTriggered":30,"stat.pickup.minecraft.dark_oak_door":2,"stat.useItem.minecraft.oak_stairs":3,"stat.furnaceInteraction":4,"stat.pickup.minecraft.carpet":1,"stat.pickup.minecraft.wooden_button":1,"stat.pickup.minecraft.beef":6,"stat.useItem.minecraft.redstone":2,"stat.useItem.minecraft.milk_bucket":25,"stat.sprintOneCm":523060,"stat.useItem.minecraft.diamond_shovel":15,"stat.pickup.minecraft.iron_chestplate":4,"stat.pickup.minecraft.skull":1,"stat.useItem.minecraft.dark_oak_door":9,"stat.useItem.minecraft.stone_slab":1,"stat.pickup.minecraft.potion":1,"stat.useItem.minecraft.flint_and_steel":5,"stat.pickup.minecraft.leather_leggings":1,"stat.useItem.minecraft.dye":659,"stat.pickup.minecraft.lever":2,"stat.deaths":28,"stat.drop":1,"stat.pickup.minecraft.egg":1,"stat.playOneMinute":2370250,"stat.craftItem.minecraft.leather_chestplate":8,"stat.pickup.minecraft.stone_button":5,"stat.killEntity.Sheep":2,"stat.diveOneCm":15085,"stat.pickup.minecraft.cooked_mutton":3,"stat.chestOpened":52,"stat.useItem.minecraft.stone":31,"stat.pickup.minecraft.gravel":1,"stat.pickup.minecraft.wooden_pressure_plate":3,"stat.useItem.minecraft.potion":3,"stat.pickup.minecraft.diamond_sword":1,"stat.jump":4467,"stat.pickup.minecraft.coal":11,"stat.fallOneCm":18705,"stat.crouchOneCm":139881,"stat.pickup.minecraft.dirt":25,"stat.useItem.minecraft.stone_button":156,"stat.pickup.minecraft.iron_ore":2,"stat.craftingTableInteraction":5,"stat.drop.minecraft.barrier":1,"stat.pickup.minecraft.milk_bucket":1,"stat.useItem.minecraft.sapling":142,"stat.damageTaken":3096,"stat.pickup.minecraft.leather":11,"stat.pickup.minecraft.dye":58,"stat.pickup.minecraft.wheat_seeds":7,"stat.damageDealt":3407,"stat.useItem.minecraft.wool":5,"stat.killEntity.Cow":3,"stat.mineBlock.minecraft.dirt":4,"stat.flowerPotted":1,"stat.useItem.minecraft.command_block":8,"stat.walkOneCm":2760915,"stat.useItem.minecraft.torch":355,"stat.playerKills":8,"stat.useItem.minecraft.comparator":15,"stat.useItem.minecraft.cobblestone":20,"stat.craftItem.minecraft.leather_boots":7,"stat.useItem.minecraft.gravel":2,"stat.useItem.minecraft.redstone_block":2,"stat.pickup.minecraft.stone":12,"stat.pickup.minecraft.web":1,"stat.useItem.minecraft.leaves":155,"stat.useItem.minecraft.tallgrass":1027,"stat.useItem.minecraft.redstone_ore":4,"stat.pickup.minecraft.cooked_beef":44,"stat.useItem.minecraft.concrete":23,"stat.pickup.minecraft.barrier":1,"stat.useItem.minecraft.wooden_pressure_plate":20,"stat.mobKills":14,"stat.useItem.minecraft.stonebrick":23,"stat.useItem.minecraft.mossy_cobblestone":5,"stat.useItem.minecraft.monster_egg":4,"stat.useItem.minecraft.writable_book":20,"stat.pickup.minecraft.torch":152,"stat.pickup.minecraft.red_flower":3,"stat.sneakTime":60190,"stat.pickup.minecraft.wool":4,"stat.pickup.minecraft.yellow_flower":1,"stat.useItem.minecraft.web":182}