{"stat.chestOpened":33,"stat.useItem.minecraft.splash_potion":9,"stat.leaveGame":20,"stat.pickup.minecraft.arrow":2,"stat.drop.minecraft.cooked_beef":25,"stat.useItem.minecraft.diamond_axe":6,"stat.pickup.minecraft.flint":1,"stat.useItem.minecraft.diamond_sword":53,"stat.useItem.minecraft.potion":6,"stat.jump":1036,"stat.swimOneCm":11233,"stat.fallOneCm":10349,"stat.climbOneCm":2369,"stat.crouchOneCm":28071,"stat.pickup.minecraft.dirt":5,"stat.useItem.minecraft.stone_slab2":2618,"stat.useItem.minecraft.water_bucket":133,"stat.drop.minecraft.milk_bucket":1,"stat.pickup.minecraft.milk_bucket":1,"stat.damageTaken":1013,"stat.useItem.minecraft.reeds":16,"stat.killEntity.Enderman":7,"stat.pickup.minecraft.cobblestone":10,"stat.pickup.minecraft.reeds":251,"stat.flyOneCm":1558681,"stat.pickup.minecraft.wheat_seeds":28,"stat.drop.minecraft.wheat_seeds":5,"stat.useItem.minecraft.cooked_beef":2,"stat.damageDealt":4235,"stat.timeSinceDeath":200629,"stat.cauldronFilled":1,"stat.pickup.minecraft.mossy_cobblestone":1,"stat.walkOneCm":648263,"stat.useItem.minecraft.torch":48,"stat.trappedChestTriggered":23,"stat.playerKills":8,"stat.useItem.minecraft.log":3,"stat.furnaceInteraction":1,"stat.pickup.minecraft.carpet":2,"stat.pickup.minecraft.diamond_shovel":1,"stat.drop.minecraft.red_flower":2,"stat.pickup.minecraft.log":4,"stat.pickup.minecraft.string":1,"stat.pickup.minecraft.tnt":1,"stat.useItem.minecraft.milk_bucket":37,"stat.pickup.minecraft.stone":9,"stat.pickup.minecraft.web":1,"stat.pickup.minecraft.ender_pearl":3,"stat.sprintOneCm":158601,"stat.pickup.minecraft.cooked_beef":5,"stat.pickup.minecraft.skull":1,"stat.pickup.minecraft.beetroot":1,"stat.pickup.minecraft.potion":1,"stat.killEntity.Spider":1,"stat.useItem.minecraft.lingering_potion":6,"stat.mobKills":8,"stat.mineBlock.minecraft.log":4,"stat.useItem.minecraft.bucket":19,"stat.pickup.minecraft.spawn_egg":64,"stat.deaths":14,"stat.drop":35,"stat.mineBlock.minecraft.leaves":3,"stat.useItem.minecraft.writable_book":1,"stat.playOneMinute":635057,"stat.pickup.minecraft.torch":5,"stat.pickup.minecraft.red_flower":27,"stat.sneakTime":13569,"stat.drop.minecraft.diamond_shovel":2,"stat.diveOneCm":577,"stat.useItem.minecraft.web":6}