{"stat.chestOpened":26,"stat.walkOneCm":156245,"stat.useItem.minecraft.bread":2,"stat.trappedChestTriggered":3,"stat.playerKills":7,"stat.leaveGame":1,"stat.pickup.minecraft.crafting_table":1,"stat.useItem.minecraft.cobblestone":3,"stat.craftItem.minecraft.crafting_table":1,"stat.mineBlock.minecraft.double_plant":1,"stat.pickup.minecraft.diamond_shovel":1,"stat.mineBlock.minecraft.coal_ore":25,"stat.mineBlock.minecraft.concrete":1,"stat.talkedToVillager":2,"stat.pickup.minecraft.log":10,"stat.useItem.minecraft.poisonous_potato":2,"stat.swimOneCm":21942,"stat.jump":1337,"stat.pickup.minecraft.coal":25,"stat.fallOneCm":45769,"stat.climbOneCm":1500,"stat.pickup.minecraft.carrot":23,"stat.useItem.minecraft.stone_axe":1,"stat.pickup.minecraft.stone":1,"stat.crouchOneCm":10415,"stat.pickup.minecraft.sapling":2,"stat.sprintOneCm":156433,"stat.useItem.minecraft.diamond_shovel":30,"stat.useItem.minecraft.stone_slab2":4,"stat.pickup.minecraft.cooked_beef":10,"stat.pickup.minecraft.apple":1,"stat.craftItem.minecraft.stick":8,"stat.craftingTableInteraction":8,"stat.pickup.minecraft.iron_ore":24,"stat.pickup.minecraft.beetroot":2,"stat.craftItem.minecraft.planks":12,"stat.craftItem.minecraft.stone_axe":1,"stat.damageTaken":3363,"stat.mineBlock.minecraft.crafting_table":1,"stat.craftItem.minecraft.stone_pickaxe":1,"stat.useItem.minecraft.wooden_pickaxe":16,"stat.useItem.minecraft.carrot":1,"stat.drop.minecraft.concrete":1,"stat.pickup.minecraft.cobblestone":48,"stat.mineBlock.minecraft.log":11,"stat.flyOneCm":538651,"stat.deaths":9,"stat.pickup.minecraft.concrete":2,"stat.drop":2,"stat.pickup.minecraft.wheat_seeds":59,"stat.pickup.minecraft.diamond":3,"stat.pickup.minecraft.egg":2,"stat.pickup.minecraft.beetroot_seeds":6,"stat.useItem.minecraft.writable_book":8,"stat.pickup.minecraft.potato":16,"stat.playOneMinute":59423,"stat.useItem.minecraft.stone_pickaxe":83,"stat.useItem.minecraft.cooked_beef":10,"stat.pickup.minecraft.red_flower":1,"stat.sneakTime":3374,"stat.drop.minecraft.diamond_shovel":1,"stat.damageDealt":1757,"stat.mineBlock.minecraft.iron_ore":24,"stat.timeSinceDeath":31647,"stat.hopperInspected":1,"stat.pickup.minecraft.yellow_flower":1,"stat.craftItem.minecraft.wooden_pickaxe":1,"stat.mineBlock.minecraft.stone":49,"stat.mineBlock.minecraft.tallgrass":65,"stat.diveOneCm":2002,"stat.pickup.minecraft.mutton":2,"stat.pickup.minecraft.poisonous_potato":23,"stat.pickup.minecraft.wheat":24}