{"stat.chestOpened":14,"stat.flyOneCm":55170,"stat.walkOneCm":72195,"stat.drop":1,"stat.jump":206,"stat.trappedChestTriggered":2,"stat.swimOneCm":1271,"stat.drop.minecraft.skull":1,"stat.playOneMinute":29613,"stat.useItem.minecraft.lever":1,"stat.climbOneCm":370,"stat.fallOneCm":1080,"stat.leaveGame":1,"stat.sneakTime":20,"stat.damageTaken":30,"stat.crouchOneCm":3,"stat.timeSinceDeath":29613,"stat.useItem.minecraft.skull":1,"stat.useItem.minecraft.cookie":9,"stat.sprintOneCm":47031,"stat.pickup.minecraft.skull":1}