{"stat.pickup.minecraft.bone":57,"stat.useItem.minecraft.painting":105,"stat.useItem.minecraft.quartz_block":267,"stat.pickup.minecraft.redstone_torch":3,"stat.useItem.minecraft.repeater":510,"stat.leaveGame":19,"stat.pickup.minecraft.record_blocks":1,"stat.useItem.minecraft.log2":2,"stat.useItem.minecraft.skull":11,"stat.useItem.minecraft.repeating_command_block":9,"stat.useItem.minecraft.diamond_sword":20,"stat.useItem.minecraft.glowstone":39,"stat.swimOneCm":34425,"stat.drop.minecraft.skull":62,"stat.climbOneCm":10743,"stat.useItem.minecraft.planks":185,"stat.useItem.minecraft.redstone_torch":4,"stat.useItem.minecraft.dirt":299,"stat.useItem.minecraft.stone_slab2":9278,"stat.useItem.minecraft.water_bucket":335,"stat.drop.minecraft.leather_boots":1,"stat.useItem.minecraft.vine":49,"stat.pickup.minecraft.record_chirp":1,"stat.pickup.minecraft.cobblestone":6,"stat.pickup.minecraft.leather_boots":76,"stat.flyOneCm":5577554,"stat.pickup.minecraft.redstone":26,"stat.timeSinceDeath":144872,"stat.drop.minecraft.diamond":3,"stat.useItem.minecraft.sign":14,"stat.useItem.minecraft.spawn_egg":3,"stat.cauldronFilled":3,"stat.useItem.minecraft.wooden_slab":6,"stat.pickup.minecraft.mutton":7,"stat.useItem.minecraft.iron_door":19,"stat.drop.minecraft.repeater":1,"stat.trappedChestTriggered":37,"stat.useItem.minecraft.lever":5,"stat.pickup.minecraft.record_far":1,"stat.useItem.minecraft.oak_stairs":72,"stat.furnaceInteraction":9,"stat.pickup.minecraft.diamond_shovel":1,"stat.drop.minecraft.wool":1,"stat.pickup.minecraft.wooden_button":22,"stat.pickup.minecraft.beef":10,"stat.useItem.minecraft.redstone":399,"stat.useItem.minecraft.milk_bucket":2,"stat.drop.minecraft.wooden_button":1,"stat.sprintOneCm":548590,"stat.pickup.minecraft.iron_chestplate":1,"stat.drop.minecraft.leather":2,"stat.useItem.minecraft.fence":4,"stat.pickup.minecraft.skull":121,"stat.useItem.minecraft.flint_and_steel":3,"stat.pickup.minecraft.grass":1,"stat.useItem.minecraft.wooden_button":60,"stat.useItem.minecraft.stone_pressure_plate":14,"stat.pickup.minecraft.diamond_chestplate":80,"stat.pickup.minecraft.leather_leggings":74,"stat.pickup.minecraft.lever":1,"stat.deaths":17,"stat.drop":25,"stat.pickup.minecraft.egg":1,"stat.playOneMinute":2649825,"stat.pickup.minecraft.stone_button":57,"stat.killEntity.Sheep":5,"stat.mineBlock.minecraft.tallgrass":1,"stat.diveOneCm":9275,"stat.chestOpened":80,"stat.recordPlayed":10,"stat.pickup.minecraft.sign":5,"stat.useItem.minecraft.stone":174,"stat.useItem.minecraft.quartz_stairs":14,"stat.useItem.minecraft.clay":1,"stat.drop.minecraft.apple":64,"stat.pickup.minecraft.diamond_sword":2,"stat.useItem.minecraft.flower_pot":4,"stat.jump":2555,"stat.fallOneCm":15099,"stat.crouchOneCm":143338,"stat.pickup.minecraft.dirt":2,"stat.useItem.minecraft.stone_button":116,"stat.craftingTableInteraction":1,"stat.useItem.minecraft.dispenser":6,"stat.pickup.minecraft.command_block":1,"stat.pickup.minecraft.comparator":2,"stat.pickup.minecraft.repeater":15,"stat.pickup.minecraft.cookie":896,"stat.damageTaken":2252,"stat.pickup.minecraft.leather":6,"stat.pickup.minecraft.record_cat":1,"stat.drop.minecraft.stone_button":1,"stat.noteblockTuned":8,"stat.pickup.minecraft.reeds":73,"stat.pickup.minecraft.concrete":1,"stat.pickup.minecraft.wheat_seeds":16,"stat.damageDealt":1439,"stat.useItem.minecraft.wool":100,"stat.killEntity.Cow":5,"stat.flowerPotted":5,"stat.pickup.minecraft.record_13":2,"stat.useItem.minecraft.iron_bars":10,"stat.useItem.minecraft.command_block":142,"stat.pickup.minecraft.record_11":1,"stat.walkOneCm":2648273,"stat.useItem.minecraft.torch":83,"stat.useItem.minecraft.chest":1,"stat.useItem.minecraft.pumpkin":3,"stat.pickup.minecraft.noteblock":1,"stat.useItem.minecraft.log":1,"stat.useItem.minecraft.comparator":18,"stat.useItem.minecraft.tnt":4,"stat.useItem.minecraft.lava_bucket":1,"stat.pickup.minecraft.log":1,"stat.drop.minecraft.leather_chestplate":1,"stat.useItem.minecraft.item_frame":4,"stat.drop.minecraft.iron_chestplate":5,"stat.pickup.minecraft.stone":1,"stat.useItem.minecraft.stained_hardened_clay":20,"stat.pickup.minecraft.sapling":1,"stat.useItem.minecraft.leaves":111,"stat.drop.minecraft.egg":1,"stat.drop.minecraft.command_block":1,"stat.useItem.minecraft.redstone_ore":13,"stat.useItem.minecraft.concrete":1960,"stat.useItem.minecraft.glass_pane":11,"stat.pickup.minecraft.record_mall":1,"stat.pickup.minecraft.record_mellohi":1,"stat.drop.minecraft.lever":1,"stat.useItem.minecraft.iron_sword":5,"stat.useItem.minecraft.barrier":145,"stat.killEntity.Chicken":1,"stat.mobKills":11,"stat.useItem.minecraft.stonebrick":86,"stat.useItem.minecraft.wooden_door":1,"stat.useItem.minecraft.monster_egg":1,"stat.useItem.minecraft.cobblestone_wall":6,"stat.drop.minecraft.leather_leggings":1,"stat.useItem.minecraft.writable_book":22,"stat.pickup.minecraft.torch":73,"stat.pickup.minecraft.red_flower":30,"stat.sneakTime":62461,"stat.pickup.minecraft.wool":5,"stat.drop.minecraft.beef":6,"stat.pickup.minecraft.yellow_flower":3,"stat.drop.minecraft.grass":1,"stat.useItem.minecraft.web":14}