{
  "minecraft:recipes/transportation/acacia_boat": {
    "criteria": {
      "entered_water": "2018-01-05 19:46:02 -0500"
    },
    "done": true
  },
  "minecraft:story/obtain_armor": {
    "criteria": {
      "iron_chestplate": "2018-01-05 19:45:07 -0500"
    },
    "done": true
  },
  "minecraft:husbandry/balanced_diet": {
    "criteria": {
      "cookie": "2018-01-05 19:40:34 -0500"
    },
    "done": false
  },
  "minecraft:husbandry/root": {
    "criteria": {
      "consumed_item": "2018-01-05 19:40:34 -0500"
    },
    "done": true
  },
  "minecraft:recipes/transportation/dark_oak_boat": {
    "criteria": {
      "entered_water": "2018-01-05 19:46:02 -0500"
    },
    "done": true
  },
  "minecraft:recipes/transportation/birch_boat": {
    "criteria": {
      "entered_water": "2018-01-05 19:46:02 -0500"
    },
    "done": true
  },
  "minecraft:recipes/transportation/boat": {
    "criteria": {
      "entered_water": "2018-01-05 19:46:02 -0500"
    },
    "done": true
  },
  "minecraft:recipes/transportation/jungle_boat": {
    "criteria": {
      "entered_water": "2018-01-05 19:46:02 -0500"
    },
    "done": true
  },
  "minecraft:recipes/transportation/spruce_boat": {
    "criteria": {
      "entered_water": "2018-01-05 19:46:02 -0500"
    },
    "done": true
  },
  "minecraft:adventure/adventuring_time": {
    "criteria": {
      "forest": "2018-01-05 19:45:52 -0500",
      "extreme_hills_with_trees": "2018-01-05 19:50:38 -0500",
      "forest_hills": "2018-01-05 19:40:14 -0500",
      "plains": "2018-01-05 19:28:22 -0500",
      "extreme_hills": "2018-01-05 19:50:45 -0500"
    },
    "done": false
  }
}