{
  "minecraft:recipes/transportation/acacia_boat": {
    "criteria": {
      "entered_water": "2018-01-02 00:26:24 -0500"
    },
    "done": true
  },
  "minecraft:husbandry/balanced_diet": {
    "criteria": {
      "cookie": "2018-01-05 18:21:38 -0500"
    },
    "done": false
  },
  "minecraft:recipes/transportation/dark_oak_boat": {
    "criteria": {
      "entered_water": "2018-01-02 00:26:24 -0500"
    },
    "done": true
  },
  "minecraft:husbandry/root": {
    "criteria": {
      "consumed_item": "2018-01-05 18:21:38 -0500"
    },
    "done": true
  },
  "minecraft:recipes/transportation/birch_boat": {
    "criteria": {
      "entered_water": "2018-01-02 00:26:24 -0500"
    },
    "done": true
  },
  "minecraft:recipes/transportation/boat": {
    "criteria": {
      "entered_water": "2018-01-02 00:26:24 -0500"
    },
    "done": true
  },
  "minecraft:recipes/transportation/jungle_boat": {
    "criteria": {
      "entered_water": "2018-01-02 00:26:24 -0500"
    },
    "done": true
  },
  "minecraft:recipes/transportation/spruce_boat": {
    "criteria": {
      "entered_water": "2018-01-02 00:26:24 -0500"
    },
    "done": true
  },
  "minecraft:adventure/adventuring_time": {
    "criteria": {
      "forest": "2018-01-02 00:27:13 -0500",
      "extreme_hills_with_trees": "2018-01-05 18:40:13 -0500",
      "forest_hills": "2018-01-02 00:23:23 -0500",
      "plains": "2018-01-02 00:18:22 -0500",
      "extreme_hills": "2018-01-05 18:40:19 -0500"
    },
    "done": false
  }
}