{"stat.useItem.139":4,"stat.useItem.146":1,"stat.useItem.3":10,"stat.useItem.65":12,"achievement.exploreAllBiomes":{"value":0,"progress":["Plains"]},"stat.useItem.24":8,"stat.useItem.126":1,"stat.useItem.143":3,"stat.useItem.72":3,"stat.useItem.89":7,"stat.useItem.46":1,"achievement.openInventory":150,"stat.damageDealt":250,"stat.useItem.50":26,"stat.useItem.5":14,"stat.useItem.323":25,"stat.useItem.16":1,"stat.fallOneCm":1447,"stat.flyOneCm":1037972,"stat.mineBlock.89":1,"stat.useItem.69":1,"stat.useItem.95":52,"stat.climbOneCm":1116,"stat.useItem.133":42,"stat.drop":10,"stat.damageTaken":70,"stat.useItem.4":151,"stat.useItem.155":556,"stat.useItem.70":4,"stat.useItem.76":5,"stat.craftItem.69":1,"stat.useItem.356":4,"stat.useItem.330":2,"achievement.mineWood":1,"stat.useItem.54":4,"stat.useItem.159":40,"stat.useItem.106":11,"stat.useItem.109":16,"stat.useItem.17":14,"stat.useItem.61":1,"stat.useItem.85":6,"stat.useItem.383":5,"stat.playOneMinute":225897,"stat.killEntity.Pig":2,"stat.swimOneCm":177,"stat.useItem.113":8,"stat.mobKills":2,"stat.useItem.42":6,"stat.useItem.389":5,"stat.useItem.397":1,"stat.useItem.98":1335,"stat.walkOneCm":359876,"stat.useItem.77":3,"stat.useItem.145":9,"stat.useItem.35":69,"stat.useItem.276":2,"stat.useItem.44":239,"stat.jump":1132,"stat.useItem.1":270,"stat.useItem.331":16,"stat.useItem.137":14,"stat.useItem.101":47}