{"stat.useItem.6":4,"stat.useItem.7":9,"stat.useItem.143":5,"stat.useItem.148":1,"achievement.openInventory":773,"stat.useItem.146":14,"stat.useItem.145":6,"stat.jump":3338,"achievement.exploreAllBiomes":{"value":0,"progress":["Plains"]},"stat.useItem.1":855,"stat.useItem.57":8,"stat.useItem.58":1,"stat.useItem.3":1841,"stat.useItem.4":209,"stat.useItem.5":1677,"stat.useItem.54":23,"stat.useItem.53":178,"stat.climbOneCm":10284,"stat.useItem.56":5,"stat.useItem.50":167,"stat.killEntity.Villager":2,"stat.useItem.151":1,"stat.useItem.338":37,"stat.useItem.135":66,"stat.useItem.134":19,"stat.useItem.137":149,"stat.useItem.139":519,"stat.useItem.330":15,"stat.useItem.331":433,"stat.useItem.49":370,"stat.diveOneCm":38623,"stat.useItem.276":36,"stat.useItem.47":50,"stat.useItem.45":182,"stat.useItem.44":260,"stat.useItem.42":10,"stat.useItem.41":5,"stat.deaths":2,"stat.useItem.72":1,"stat.useItem.73":9,"stat.useItem.76":48,"stat.useItem.78":3,"stat.useItem.77":53,"stat.useItem.173":27,"stat.useItem.171":341,"stat.useItem.70":47,"stat.useItem.156":568,"stat.useItem.259":51,"stat.useItem.159":1486,"stat.useItem.158":5,"stat.useItem.152":23,"stat.useItem.155":408,"stat.useItem.356":419,"stat.useItem.354":1,"stat.useItem.69":2,"stat.useItem.355":5,"stat.useItem.351":116,"stat.useItem.61":3,"stat.useItem.67":21,"stat.useItem.65":69,"stat.useItem.160":173,"stat.useItem.162":184,"stat.useItem.18":76,"stat.useItem.17":219,"stat.useItem.16":19,"stat.damageTaken":808,"stat.useItem.390":2,"stat.useItem.107":3,"stat.useItem.383":61,"stat.useItem.109":19,"stat.useItem.389":6,"stat.damageDealt":3515,"stat.useItem.12":9,"stat.useItem.101":75,"stat.useItem.102":19,"stat.drop":39,"stat.useItem.174":181,"stat.walkOneCm":1454657,"stat.swimOneCm":36420,"stat.boatOneCm":350,"stat.killEntity.EntityHorse":11,"stat.horseOneCm":11253,"stat.useItem.321":4,"stat.useItem.35":1008,"stat.useItem.84":1,"stat.useItem.324":12,"stat.useItem.323":134,"stat.useItem.85":423,"stat.useItem.86":8,"stat.useItem.87":47,"stat.useItem.89":113,"stat.mobKills":16,"stat.useItem.80":93,"stat.useItem.81":16,"stat.useItem.123":10,"stat.useItem.126":169,"stat.useItem.30":18,"stat.useItem.31":88,"stat.useItem.33":7,"stat.useItem.95":150,"stat.useItem.96":2,"stat.useItem.25":1,"stat.useItem.24":246,"stat.flyOneCm":3979391,"stat.useItem.29":21,"stat.useItem.98":595,"stat.killEntity.Pig":2,"stat.useItem.113":58,"stat.playOneMinute":802588,"stat.useItem.22":11,"stat.useItem.23":3}