{"stat.useItem.139":125,"stat.useItem.146":1,"stat.useItem.173":399,"stat.useItem.3":54,"achievement.exploreAllBiomes":{"value":0,"progress":["Plains"]},"stat.useItem.404":44,"stat.useItem.126":140,"stat.useItem.143":18,"stat.useItem.89":42,"achievement.openInventory":374,"stat.damageDealt":1640,"stat.useItem.23":19,"stat.useItem.50":129,"stat.killEntity.Bat":11,"stat.useItem.5":206,"stat.useItem.323":44,"stat.fallOneCm":2229,"stat.flyOneCm":5764486,"stat.useItem.33":4,"stat.useItem.160":205,"stat.useItem.95":114,"stat.damageTaken":200,"stat.useItem.4":571,"stat.useItem.355":1,"stat.useItem.380":3,"stat.useItem.152":7,"stat.useItem.69":29,"stat.climbOneCm":1726,"stat.useItem.156":23,"stat.drop":66,"stat.useItem.155":355,"stat.useItem.70":6,"stat.useItem.76":87,"stat.useItem.29":13,"stat.useItem.164":24,"stat.leaveGame":4,"stat.diveOneCm":5261,"stat.useItem.356":20,"stat.useItem.158":6,"stat.useItem.330":16,"stat.useItem.154":74,"stat.useItem.159":135,"stat.killEntity.Villager":3,"stat.useItem.41":31,"stat.useItem.109":161,"stat.useItem.17":884,"stat.useItem.85":2,"stat.useItem.383":3,"stat.useItem.79":1,"stat.playOneMinute":703199,"stat.useItem.123":1,"stat.useItem.107":1,"stat.swimOneCm":8806,"stat.useItem.162":559,"stat.mobKills":14,"stat.useItem.42":8,"stat.useItem.171":3,"stat.useItem.98":1232,"stat.walkOneCm":1586312,"stat.useItem.77":40,"stat.useItem.145":1,"stat.useItem.35":21,"stat.useItem.276":16,"stat.useItem.44":859,"stat.useItem.67":163,"stat.jump":4774,"stat.useItem.1":129,"stat.useItem.331":221,"stat.useItem.13":1,"stat.useItem.137":228,"stat.useItem.12":17,"stat.useItem.101":152}